body_0_w,body_0_x,body_0_y,body_0_z
0.997286,0.065453,-0.002570,0.033597
0.997232,0.059703,-0.002247,0.044257
0.997619,0.056284,-0.003077,0.039736
0.997637,0.051339,0.004435,0.045439
0.997803,0.047028,0.008382,0.045906
0.997916,0.041258,0.021201,0.044852
0.998090,0.033427,0.024078,0.046033
0.998405,0.027480,0.029360,0.039621
0.998214,0.023838,0.039923,0.037512
0.998205,0.022424,0.046599,0.030195
0.997936,0.024413,0.052142,0.028459
0.997955,0.027203,0.051009,0.027271
0.998150,0.031031,0.046279,0.024321
0.998262,0.036819,0.040080,0.022597
0.998542,0.039249,0.030243,0.021409
0.998814,0.041361,0.021067,0.014682
0.999014,0.041040,0.013607,0.010072
0.999241,0.038686,0.004568,0.000660
0.999243,0.038199,-0.000427,-0.007298
0.999170,0.038362,-0.001545,-0.013611
0.998899,0.042208,0.003678,-0.020145
0.998454,0.048908,0.010248,-0.024336
0.997877,0.055625,0.017768,-0.028845
0.997388,0.061161,0.023826,-0.030132
0.996875,0.065625,0.031706,-0.030471
0.996237,0.069983,0.038692,-0.033431
0.995798,0.072452,0.045492,-0.032684
0.995203,0.073983,0.055071,-0.032637
0.995381,0.070520,0.057865,-0.029934
0.995280,0.067628,0.063184,-0.029201
0.995386,0.065129,0.064273,-0.028891
0.995769,0.062186,0.061251,-0.028727
0.996325,0.061504,0.054327,-0.024534
0.997148,0.059603,0.042113,-0.019232
0.997425,0.062345,0.032762,-0.013545
0.997641,0.064159,0.023994,-0.004517
0.997753,0.065065,0.014909,0.005732
0.997828,0.062935,0.014216,0.013312
0.998117,0.056978,0.013726,0.018112
0.998471,0.048827,0.015217,0.020976
0.998783,0.040181,0.018447,0.021851
0.998923,0.029672,0.026845,0.023496
0.998872,0.020589,0.036590,0.022186
0.998765,0.013063,0.042767,0.021661
0.998506,0.009919,0.049157,0.021680
0.998515,0.008217,0.049809,0.020486
0.998251,0.009683,0.053628,0.022934
0.998320,0.012329,0.053134,0.019563
0.998458,0.015658,0.049620,0.019346
0.998701,0.018594,0.043044,0.019936
0.999011,0.018363,0.035729,0.019063
0.999414,0.017583,0.025642,0.014345
0.999686,0.014233,0.019015,0.008009
0.999925,0.007954,0.009263,-0.000749
0.999954,0.003245,0.005178,-0.007347
0.999967,-0.000198,0.001936,-0.007836
0.999951,0.003437,0.001162,-0.009167
0.999850,0.012393,0.004615,-0.011175
0.999564,0.024570,0.011650,-0.011465
0.999001,0.038084,0.020375,-0.011456
0.998559,0.046663,0.025577,-0.006894
0.997925,0.055756,0.032062,-0.003173
0.997530,0.058966,0.038167,0.000381
0.997248,0.060456,0.042800,0.003041
0.997240,0.057786,0.046319,0.005201
0.997345,0.053936,0.047870,0.010096
0.997571,0.051378,0.045187,0.013060
0.997906,0.047217,0.039070,0.020664
0.998298,0.045508,0.028282,0.023022
0.998453,0.044315,0.018486,0.028023
0.998393,0.045944,0.008945,0.031940
0.998236,0.046998,-0.001533,0.036234
0.998003,0.046975,-0.009326,0.041183
0.997784,0.046616,-0.013120,0.045621
0.997722,0.043050,-0.013916,0.050037
0.997765,0.039175,-0.013402,0.052453
0.997817,0.033193,-0.011886,0.055839
0.997956,0.026601,-0.007522,0.057620
0.998025,0.019901,-0.003876,0.059451
0.998168,0.015273,0.001144,0.058537
0.998347,0.012892,0.007590,0.055496
0.998450,0.011690,0.011658,0.053151
0.998440,0.012578,0.015506,0.052138
0.998552,0.013224,0.015157,0.049896
0.998682,0.015304,0.013690,0.047034
0.998774,0.019165,0.010894,0.044314
0.998934,0.022549,0.005655,0.039890
0.999179,0.023022,-0.003003,0.033189
0.999291,0.021637,-0.012068,0.028364
0.999304,0.019535,-0.022345,0.022577
0.999326,0.018959,-0.027877,0.014551
0.999314,0.016122,-0.032591,0.007051
0.999293,0.017119,-0.033458,0.000854
0.999228,0.019827,-0.033762,-0.003146
0.999186,0.025799,-0.029562,-0.009393
0.999066,0.029876,-0.028525,-0.012680
