body_0_x,body_0_y,body_0_z
0.009856,0.009588,0.793654
0.010425,0.010115,0.791870
0.003140,0.014006,0.796692
0.000146,0.016451,0.797405
-0.001955,0.013048,0.797567
-0.003857,0.016730,0.803761
0.001553,0.018652,0.813156
0.005416,0.015436,0.823134
0.005674,0.012870,0.830924
0.007791,0.011061,0.833864
0.011287,0.009546,0.834950
0.014664,0.002855,0.836594
0.011920,-0.003839,0.834222
0.010967,-0.008356,0.830379
0.012100,-0.013409,0.825450
0.009733,-0.015207,0.813603
0.007438,-0.013663,0.800156
0.006373,-0.010137,0.788182
0.002288,-0.006666,0.782096
0.001250,-0.007465,0.778748
-0.000714,-0.004083,0.777877
0.000326,-0.003851,0.781642
-0.001210,-0.001956,0.787093
0.000206,-0.000360,0.793303
-0.000816,-0.001666,0.802093
-0.001050,0.000674,0.812807
-0.001264,-0.001047,0.824425
0.001801,-0.002487,0.833193
0.004819,-0.000855,0.837992
0.004196,-0.000975,0.837362
0.004990,0.000539,0.832819
0.004092,-0.000210,0.826017
0.006707,0.001475,0.817125
0.010097,0.001915,0.805685
0.011021,0.005624,0.793556
0.009483,0.006696,0.781188
0.004228,0.009058,0.771786
0.002691,0.009940,0.768073
0.000627,0.010291,0.768933
-0.002618,0.010166,0.775102
-0.003027,0.011020,0.782491
-0.002079,0.010237,0.791772
0.001003,0.008497,0.802495
0.001819,0.007635,0.815493
0.003344,0.004401,0.826961
0.006212,0.004426,0.834019
0.007699,0.001779,0.837855
0.011534,-0.003337,0.837811
0.012890,-0.005427,0.835994
0.014664,-0.011502,0.830922
0.015676,-0.014622,0.821581
0.014725,-0.015298,0.806868
0.011064,-0.013608,0.791123
0.005487,-0.012122,0.777502
-0.000967,-0.008201,0.771615
-0.003830,-0.007626,0.766566
-0.009481,-0.007006,0.765996
-0.010934,-0.006678,0.771609
-0.011763,-0.006570,0.778933
-0.013456,-0.006713,0.789005
-0.014340,-0.006410,0.801369
-0.014399,-0.007488,0.812617
-0.013643,-0.010341,0.821785
-0.013609,-0.010487,0.828038
-0.010245,-0.009819,0.831465
-0.008247,-0.011363,0.830996
-0.007336,-0.009011,0.827479
-0.007851,-0.009771,0.820341
-0.008448,-0.009561,0.811010
-0.005701,-0.008737,0.800845
-0.005057,-0.007261,0.791904
-0.004052,-0.006897,0.783647
-0.005963,-0.003352,0.778202
-0.008011,-0.000855,0.777603
-0.009653,-0.002138,0.779953
-0.015400,-0.000472,0.785671
-0.015779,0.001046,0.791980
-0.014193,0.001669,0.799465
-0.011854,0.002011,0.807914
-0.009391,0.001842,0.819071
-0.005237,-0.001328,0.829620
-0.001411,-0.001358,0.835519
0.001349,-0.003960,0.838078
0.006964,-0.005940,0.840251
0.007748,-0.009735,0.839660
0.008612,-0.012875,0.835595
0.010522,-0.015325,0.828238
0.009396,-0.015482,0.819019
0.004413,-0.014804,0.808876
-0.000199,-0.016577,0.796876
-0.009748,-0.017273,0.787084
-0.013529,-0.015686,0.780034
-0.015841,-0.012436,0.778047
-0.016933,-0.015659,0.780993
-0.016215,-0.014110,0.784712
-0.018609,-0.005735,0.789952
