joint_vel_0,joint_vel_1,joint_vel_2,joint_vel_3,joint_vel_4,joint_vel_5,joint_vel_6,joint_vel_7,joint_vel_8,joint_vel_9,joint_vel_10,joint_vel_11,joint_vel_12,joint_vel_13,joint_vel_14,joint_vel_15,joint_vel_16,joint_vel_17,joint_vel_18,joint_vel_19,joint_vel_20,joint_vel_21,joint_vel_22,joint_vel_23,joint_vel_24,joint_vel_25,joint_vel_26,joint_vel_27,joint_vel_28
3.812093,-1.505953,-1.042565,-0.148022,0.020312,-1.015054,1.475763,-0.612709,0.278690,-0.724038,1.034653,-1.169756,0.455004,-0.732899,0.501901,0.552173,-0.124295,0.150806,0.320091,0.601276,-0.372525,-0.704394,0.565422,1.319334,0.226656,-0.173469,-0.133366,0.797351,-0.108559
3.526383,-1.960008,-1.021390,0.341317,0.002377,-0.864571,1.366318,-0.459684,0.243659,-0.744116,0.057346,-1.358326,0.211987,-0.049633,-0.013058,0.582241,0.044336,-0.285755,0.216807,0.528660,-0.278472,-0.646310,-0.328703,1.381141,-0.199590,-0.251593,0.062053,0.540108,-0.138093
3.350919,-2.184092,-1.546932,0.720941,0.331223,-0.342957,1.161232,-0.110514,0.388451,-1.425619,-1.835719,-1.800948,0.142112,0.565195,-0.861993,0.541517,-0.041336,-0.836722,0.099725,0.056702,-0.203355,-1.067665,-1.075609,0.922652,-0.870735,-0.235515,0.160466,0.244899,-0.123783
3.123209,-1.809480,-1.855744,0.622267,0.942241,0.295788,0.740408,0.259495,0.544751,-2.217212,-3.055125,-1.793945,0.567663,0.672577,-1.371582,0.424746,-0.458101,-1.089704,-0.102614,0.026007,0.022756,-1.372123,-0.712195,0.171799,-0.942616,-0.062942,-0.010065,0.091737,-0.056187
2.775256,-1.797035,-1.858984,0.671613,1.095073,0.858158,0.440609,0.398122,0.216327,-2.277193,-3.875309,-1.435125,0.839803,1.056534,-1.361986,0.406763,-0.737498,-1.360456,-0.212138,0.462005,0.094374,-1.281846,-0.356708,-0.378983,-0.886309,0.028695,-0.085915,0.040225,0.101979
2.976905,-1.746459,-1.976351,0.950076,1.049098,1.102239,0.569467,0.239318,-0.451637,-2.521116,-5.316326,-0.867070,1.075652,1.613283,-0.824037,0.296327,-0.928245,-1.554291,-0.117997,0.609165,-0.312369,-1.398876,-0.122194,-0.468011,-0.751755,-0.053038,-0.031549,0.066030,0.106414
3.141282,-1.603210,-1.807384,1.068022,0.970838,1.023543,0.549991,0.333431,-0.941095,-2.724238,-6.938171,-0.086606,1.436761,3.034888,-0.191322,-0.068039,-0.882101,-1.962303,-0.018309,0.507078,-0.526101,-1.525483,-0.048040,-0.019570,-0.702142,-0.108632,0.010837,0.019883,-0.056123
2.620581,-1.097314,-1.531609,0.875326,0.990851,0.847942,0.351193,0.615920,-0.849634,-2.209069,-8.397642,0.268711,1.508641,4.735567,0.197385,-0.298263,-0.583638,-2.465034,0.245346,0.012677,-0.327520,-1.331386,0.054269,0.149088,-0.923622,-0.047678,0.034941,-0.034483,-0.057347
1.543868,0.106910,-1.060166,0.688898,1.101601,0.543130,-0.066539,0.533799,-0.714742,-0.843932,-9.114851,0.474863,1.130298,5.676538,0.117795,-0.276375,-0.419216,-2.552849,0.377782,-0.270518,-0.377858,-0.757378,0.027752,-0.234041,-1.112484,-0.014237,0.089022,-0.010163,-0.024943
0.363887,0.972526,-0.377756,0.272300,0.784607,0.195467,-0.483423,0.382014,-0.669232,0.765033,-8.001091,0.582297,0.615826,5.055597,0.494853,-0.035681,-0.363579,-1.975836,0.423425,-0.388271,-0.532444,-0.462964,-0.362852,-0.714184,-1.190587,0.030261,0.066580,0.060389,-0.050532
-0.283908,1.197007,0.237003,-0.114236,0.434393,-0.095921,-0.604292,0.284410,-0.522665,2.263580,-5.448963,0.658447,0.555047,3.440467,1.403148,0.135590,-0.164881,-1.149270,0.187635,-0.610357,-0.524107,-0.237751,-0.619765,-0.663743,-0.977909,0.067965,0.002358,0.026074,-0.074661
-0.541776,0.885893,0.526842,-0.248979,0.280221,-0.208887,-0.561583,0.167150,-0.335476,3.710868,-2.368246,0.601736,0.637031,1.962379,1.495458,-0.109212,0.191087,-0.443028,-0.339448,-0.702195,-0.337829,-0.201809,-0.455486,-0.286253,-0.482738,0.117613,-0.010643,0.001087,0.005924
-0.803709,0.536135,0.739793,-0.240765,0.118671,-0.235132,-0.423128,0.018705,-0.076794,5.158231,0.653285,0.238405,0.217527,0.492015,0.713870,-0.418228,0.562409,0.295541,-0.858337,-0.750523,0.015743,-0.249454,0.035182,0.020371,0.171481,0.126635,-0.010975,-0.033492,0.017754
-0.997608,0.446786,0.843536,0.070046,-0.007477,-0.109392,-0.178346,-0.153976,0.209120,6.096275,2.915150,0.179094,-0.437161,-0.633329,-0.651751,-0.682185,0.635302,0.717983,-1.283858,-0.869346,0.226916,-0.075963,0.455932,0.200980,0.709669,0.054513,0.006583,-0.053647,-0.013105
-1.461373,0.353697,1.127341,0.386937,0.115755,0.077679,0.139752,0.077945,0.710136,6.890412,4.795234,0.511685,-1.017684,-1.206901,-1.741926,-0.806212,0.555676,0.894113,-1.617631,-0.899713,0.436391,0.283822,0.464059,0.334194,1.221012,0.024637,-0.020302,-0.013197,0.028360
-2.097456,0.218236,1.497007,0.429689,0.361977,0.414775,0.411588,0.131064,1.043214,7.617131,5.984080,0.978081,-1.469511,-1.514120,-2.717729,-0.769691,0.514268,1.039366,-1.909844,-0.510617,0.511288,1.133981,0.512825,0.482087,1.543928,0.002786,-0.017558,0.007052,0.010169
-2.856851,0.499998,1.939612,0.598034,0.555285,0.807791,0.450747,-0.294251,1.089556,7.551459,5.590116,1.437317,-2.066028,-2.029727,-3.660737,-0.685094,0.527825,1.132394,-1.869187,0.127774,0.558548,1.779521,0.597329,0.577484,1.483195,-0.006552,0.078476,0.000881,-0.000814
-3.621821,1.167974,2.230081,0.724409,0.749495,0.796717,0.074229,-0.580498,0.919043,6.556392,3.683481,1.719303,-2.355787,-2.407518,-3.490801,-0.448448,0.492987,1.167059,-1.532127,0.518027,0.556897,1.918027,0.471903,0.545509,1.112938,0.003006,0.051366,0.031208,-0.043734
-4.219133,1.834440,2.277277,0.481810,0.617525,0.423385,-0.393255,-0.727798,0.615249,4.742217,1.301572,2.055417,-2.420107,-2.497725,-2.576268,-0.221343,0.329715,1.063800,-1.015813,0.309259,0.389877,1.631865,0.129610,0.395519,0.905541,-0.003806,0.039117,0.020252,-0.077053
-4.608625,2.499097,2.462836,-0.106777,0.057070,0.074833,-0.680775,-0.658850,0.325551,2.644345,-0.547951,2.357532,-2.551689,-2.366631,-1.396620,-0.051396,0.049810,0.876500,-0.362976,0.015199,-0.155196,1.088294,-0.441112,-0.138271,0.720222,0.050327,0.046593,-0.020697,-0.036296
-4.465518,2.998714,2.633592,-0.726382,-0.470423,-0.093679,-0.768837,-0.549512,0.040849,0.444132,-1.752958,2.401756,-2.254521,-1.991656,-0.176188,0.180288,-0.134619,0.738101,0.370860,0.087918,-0.609438,0.484857,-1.000728,-0.783458,0.284545,0.034228,0.016838,0.016196,-0.013192
-3.897468,3.384283,2.730174,-1.038782,-0.682311,-0.304969,-0.882403,-0.452471,-0.229386,-1.439792,-2.477101,2.053689,-1.851013,-1.566644,0.778079,0.399055,-0.067849,0.702692,0.848735,0.164020,-0.670446,-0.231242,-1.423907,-1.236840,-0.047497,-0.048878,0.026698,0.016953,-0.022882
-3.370074,3.489884,2.908661,-1.092523,-0.934813,-0.562894,-1.030740,-0.339794,-0.538411,-2.998757,-2.997607,1.664847,-1.389976,-1.108637,1.448289,0.671598,-0.000826,0.607940,1.239035,0.290085,-0.735239,-0.780669,-1.597160,-1.503728,-0.248830,-0.054608,0.028686,-0.011887,-0.002475
-2.832194,3.389123,2.992526,-0.942632,-1.164683,-0.755429,-1.078382,-0.459489,-0.663732,-4.365960,-3.016977,1.610032,-1.033798,-0.793202,1.919898,0.921273,0.026763,0.515513,1.705619,0.660551,-1.085380,-1.017576,-1.589674,-1.615441,-0.599513,-0.055663,0.020324,0.015976,0.059227
-1.996630,3.171917,2.598500,-0.899081,-1.185977,-0.850463,-0.991156,-0.433829,-0.657575,-5.838201,-2.759132,1.566613,-0.599521,-0.489365,2.780551,0.919918,0.007814,0.370893,2.123515,0.880476,-1.408099,-0.940013,-1.650986,-1.779951,-1.018627,-0.062067,-0.033063,0.068910,0.078397
-0.991884,2.838215,1.924349,-0.860295,-1.072349,-0.736263,-0.820783,-0.163194,-0.608644,-7.652867,-2.870639,1.300952,-0.045030,0.080454,4.297468,0.664768,-0.044935,0.041887,2.311876,0.908424,-1.201737,-0.600126,-1.637724,-1.667224,-1.355062,-0.033948,-0.071919,0.052237,0.069027
-0.065175,2.531039,1.226524,-0.715444,-0.683185,-0.459149,-0.715096,0.064630,-0.575544,-9.350739,-2.611390,0.770971,0.221235,0.530708,5.263447,0.291830,-0.003091,-0.416644,2.269482,1.038625,-0.853413,-0.367403,-1.440999,-1.193542,-1.225991,-0.021358,-0.063730,0.044995,0.038205
0.641620,2.121682,0.605092,-0.559873,-0.308203,-0.105008,-0.566454,0.128167,-0.598666,-9.681865,-1.261835,0.215864,0.326999,1.062226,5.293453,0.035688,-0.065306,-0.905170,1.959515,1.126355,-0.276313,-0.367653,-1.094285,-0.644248,-0.655909,-0.038807,-0.064805,0.001713,-0.021639
1.050720,1.430169,0.178085,-0.369884,-0.312481,0.139697,-0.487630,0.125868,-0.534968,-8.686605,1.075512,0.031760,0.525649,1.563442,4.745008,-0.054175,-0.086947,-1.041493,1.378227,1.348638,0.402685,-0.544611,-0.856757,-0.153476,-0.311812,-0.021579,-0.042855,-0.011896,-0.040962
1.071832,0.453688,-0.213259,-0.218512,-0.444792,0.224450,-0.251572,0.083604,-0.522392,-6.058954,3.810596,0.201005,0.689213,1.551341,3.589919,-0.048374,0.075850,-0.777255,0.842712,1.371489,0.997201,-0.919855,-0.782263,0.071477,-0.060762,-0.010345,0.002597,0.021311,-0.020907
0.835381,-0.451297,-0.582045,-0.087903,-0.466847,0.311725,-0.068833,-0.022936,-0.268739,-2.416937,5.629457,0.015157,0.564246,1.006696,2.108400,-0.047228,0.007764,-0.218657,0.317512,1.197353,1.179180,-1.079780,-0.466684,0.123598,0.417065,-0.002330,-0.004346,-0.067652,-0.008643
0.518966,-1.195690,-1.183988,-0.297910,-0.388893,0.196105,-0.101122,-0.172226,0.327814,1.218775,6.649755,-0.683168,0.370328,-0.181980,0.418029,0.055459,-0.112277,0.678091,-0.117611,0.899772,0.846885,-0.906387,0.080609,0.430226,0.916935,-0.004758,-0.037092,-0.035575,0.005700
0.484735,-1.728721,-1.678717,-0.612105,-0.357620,-0.188554,0.105119,-0.299515,0.775524,4.377787,7.555415,-1.373604,0.361854,-1.867085,-0.985023,0.091603,0.094496,1.725621,-0.420755,0.588912,0.664362,-0.482610,0.812361,0.702928,1.301583,-0.018959,0.007640,-0.017889,0.026248
0.797667,-2.282049,-1.840140,-0.777502,-0.470049,-0.650264,0.291273,-0.217828,1.020805,6.059221,7.954708,-2.051508,0.544462,-3.121946,-1.963972,-0.044292,0.535274,2.320062,-0.710228,0.595333,0.490868,0.178763,1.388064,1.181260,1.371110,-0.005224,0.040634,-0.030044,0.017689
1.138188,-3.212123,-2.043405,-0.674587,-0.628920,-0.857760,0.563153,-0.038966,1.103334,6.095040,7.789499,-2.835091,0.777945,-3.521462,-2.610333,-0.096639,0.841711,2.264034,-1.005574,0.608288,0.424932,0.578991,1.734918,1.580410,1.125169,0.011836,0.047215,-0.030734,0.026527
1.686840,-4.147479,-2.442559,-0.372274,-0.574225,-0.848883,0.912403,0.111949,0.923281,4.457015,6.880671,-3.450787,1.280518,-3.366491,-2.611816,-0.187740,0.752860,1.726992,-1.089760,0.590072,0.535977,0.574106,1.981443,1.665579,0.950406,0.046695,0.035908,-0.080244,0.038230
2.388354,-4.679585,-2.977436,-0.088754,-0.166832,-0.661790,1.073570,0.343467,0.526036,1.834968,5.493361,-3.443828,1.703654,-2.690548,-2.318065,-0.323671,0.401747,0.872588,-0.929171,0.349177,0.463103,0.512514,1.738957,1.694784,0.552051,0.033673,0.019676,-0.042065,0.036443
3.138597,-4.746142,-3.078698,0.259756,0.304140,-0.310966,1.191960,0.663911,0.228882,-0.449970,3.833652,-2.970156,1.738659,-1.815218,-1.943770,-0.491810,0.090833,0.128889,-0.706693,-0.079594,0.392406,0.252563,1.012561,1.462439,0.025426,0.014807,-0.007902,-0.002562,0.044789
3.843794,-4.699502,-2.867946,0.480826,0.721367,0.009516,1.345745,0.669225,0.094442,-1.849851,1.673460,-2.255042,1.548356,-0.875360,-1.736705,-0.477541,-0.219283,-0.328367,-0.427168,-0.223940,0.497166,-0.055450,0.362018,1.226287,-0.526784,-0.027028,-0.046087,-0.018815,-0.011638
4.418279,-4.416141,-2.622908,0.794266,1.004468,0.340769,1.348088,0.555520,-0.035985,-2.947187,-0.786552,-1.424015,1.277286,0.489402,-1.810910,-0.220250,-0.469433,-0.803690,-0.335024,-0.202648,0.434111,-0.408983,0.053978,0.731921,-1.047644,-0.060075,-0.025332,-0.056992,-0.027435
4.714172,-3.988200,-2.552102,1.084936,1.137214,0.610657,1.108995,0.651087,-0.228733,-3.634961,-3.372860,-0.805710,1.088470,2.108355,-1.604333,0.079262,-0.778670,-1.320758,-0.339010,-0.482260,0.092823,-0.850379,-0.209862,0.108518,-1.344928,0.013353,-0.076553,-0.046597,0.000000
4.367712,-3.219441,-2.478424,1.202504,1.302667,0.852889,0.763715,0.697015,-0.391589,-3.673355,-5.438570,-0.461586,0.884062,3.606270,-1.223040,0.278891,-1.035629,-1.934784,-0.263231,-0.942643,-0.108277,-1.054347,-0.432333,-0.499810,-1.338658,0.007043,-0.069689,-0.008983,0.019989
3.854393,-2.245376,-2.351165,1.095899,1.271263,1.103828,0.445019,0.738559,-0.651201,-3.415279,-7.523152,-0.156711,0.801775,4.920540,-0.634792,0.096038,-1.048524,-2.610964,-0.165107,-0.996181,-0.236306,-1.117942,-0.456384,-1.030205,-1.257115,-0.051494,-0.004454,0.038698,-0.000063
3.195339,-0.996897,-2.063040,0.877093,1.056180,1.209031,0.130696,0.758008,-0.922978,-2.758439,-9.771762,0.110991,0.532544,5.654748,0.387295,-0.196161,-0.917335,-3.006288,0.130016,-0.862051,-0.261750,-1.101637,-0.481251,-1.287300,-1.375686,-0.055431,-0.010672,0.029377,-0.051935
2.221189,0.499687,-1.414765,0.766757,0.817066,1.052197,-0.160958,0.615579,-0.930166,-1.564300,-10.924199,0.365824,0.169459,5.793411,1.213028,-0.282410,-0.673563,-2.996938,0.493287,-1.260421,-0.421832,-0.792453,-0.359455,-1.411307,-1.378775,-0.033686,-0.028596,0.005918,-0.034604
1.198798,1.237017,-0.727515,0.648341,0.617706,0.524880,-0.251977,0.444833,-0.848349,0.207254,-10.059482,0.583602,0.115785,4.939430,1.673825,-0.124890,-0.427517,-2.435372,0.753621,-1.857863,-0.649908,-0.411573,-0.201753,-1.455344,-1.152594,0.021823,0.015225,0.013690,-0.037587
0.456150,1.278542,-0.093206,0.566449,0.487846,0.075281,-0.112038,0.068966,-0.714037,2.227206,-7.787125,0.822233,0.332814,3.237088,1.653287,0.010771,-0.046077,-1.413388,0.670491,-1.909168,-0.902290,-0.232962,-0.107923,-1.276215,-0.836802,0.047097,0.044688,0.003850,-0.040382
0.039706,1.024663,0.360812,0.288884,0.263705,0.012812,0.007476,-0.319973,-0.443825,3.931803,-4.799551,1.053885,0.435761,1.346123,0.903370,-0.157212,0.204641,-0.359663,0.093948,-1.662312,-0.986575,-0.146794,-0.189307,-0.833256,-0.354466,0.069331,0.034115,0.025000,0.048041
-0.371522,0.863639,0.755565,0.015967,0.141751,-0.129379,-0.078416,-0.365960,-0.163336,5.316511,-1.384540,0.999612,0.321707,-0.358243,-0.049137,-0.329357,0.310262,0.412717,-0.676053,-1.497522,-0.734377,0.058562,-0.412741,-0.163595,0.350026,0.061775,0.036876,0.063078,0.094881
-0.819743,0.653282,1.063422,0.169342,0.123291,-0.170959,-0.038769,-0.233480,0.112797,6.312829,2.212928,0.951043,0.005749,-1.082093,-1.139008,-0.414395,0.338295,0.727442,-1.356582,-1.053574,-0.468948,0.497815,-0.229490,0.410570,1.093834,0.006301,0.021021,0.024992,0.026839
-1.394959,0.508384,1.522581,0.404147,0.153012,0.051240,0.260208,-0.013141,0.563405,6.976052,5.239648,1.104045,-0.676706,-1.479409,-2.430434,-0.537565,0.313154,0.985479,-1.918297,-0.781595,-0.288147,0.946394,0.247213,0.671180,1.610837,-0.025540,-0.004839,0.007283,0.005659
-1.888328,0.476390,1.940894,0.578905,0.286210,0.521625,0.542948,0.104808,0.941989,7.854799,6.853105,1.159744,-1.406339,-1.915932,-3.452037,-0.645742,0.293670,1.242223,-2.238741,-0.452103,-0.304545,1.454088,0.715092,0.869027,1.687190,0.009734,-0.015044,0.045480,0.005926
-2.324111,0.731672,2.341654,0.677359,0.507532,1.013078,0.539244,-0.091750,1.140831,7.993988,6.674522,1.281883,-2.169532,-2.466338,-4.091712,-0.586289,0.203506,1.396632,-2.014447,0.159043,-0.241397,1.895699,0.944620,0.839618,1.770736,0.025430,0.019404,0.010551,-0.018718
-3.301329,1.247936,2.626999,0.640818,0.744360,1.103135,0.112657,-0.417179,1.015050,7.204393,4.498050,1.744594,-2.633953,-2.745946,-3.717335,-0.459877,0.014614,1.459647,-1.397168,0.457598,-0.177755,1.920268,0.865853,0.437977,1.660349,0.002488,0.029900,0.023371,-0.015883
-4.647700,1.815291,2.672364,0.486984,0.756211,0.852105,-0.363768,-0.718638,0.607066,5.701131,1.923546,1.970342,-2.734298,-2.756407,-2.620180,-0.266013,-0.217821,1.357492,-0.901625,0.433795,-0.249034,1.533148,0.519383,0.210211,1.512160,-0.002753,0.093875,0.004416,-0.046117
-5.516723,2.689792,2.882809,0.100550,0.405889,0.387107,-0.665231,-0.838672,0.252585,3.433052,-0.195757,1.874726,-2.575710,-2.844486,-1.413521,-0.025205,-0.286760,1.251402,-0.417533,0.276808,-0.455797,0.738299,-0.121513,-0.036792,1.358704,-0.004311,0.094914,-0.016466,-0.055190
-5.660257,3.538685,3.021163,-0.513205,-0.312298,-0.065612,-0.906894,-0.793495,-0.100951,1.356184,-1.884666,1.927355,-2.097286,-2.492812,-0.187294,0.223021,-0.037983,1.124241,0.353856,0.146133,-0.580921,-0.109178,-0.878471,-0.588468,1.031667,0.003590,0.028196,0.017018,-0.004521
-5.347358,4.137227,3.123100,-1.046696,-1.083518,-0.579761,-1.139137,-0.811899,-0.367356,-0.877148,-3.109869,1.855823,-1.633632,-2.075616,0.890233,0.439599,0.226338,0.964750,1.064645,0.088045,-0.653511,-0.647146,-1.396093,-0.983976,0.673117,-0.017775,0.020310,0.014986,0.043381
-4.516472,4.297570,2.905233,-1.343381,-1.522291,-1.121562,-1.295966,-0.800653,-0.469928,-3.284395,-3.718002,1.485911,-0.994468,-1.746674,2.083953,0.787665,0.276934,0.706282,1.706121,0.341639,-0.680610,-0.915828,-1.766893,-1.158994,0.283263,-0.046315,-0.018889,0.025604,0.050481
-3.214874,3.923858,2.269746,-1.478422,-1.473652,-1.473321,-1.237741,-0.611495,-0.472574,-5.548930,-3.340106,1.198930,-0.060576,-1.260385,3.316222,1.155686,0.310544,0.501846,2.238163,0.771290,-0.406422,-0.809127,-1.798299,-1.111995,0.019349,-0.054766,-0.037743,0.009821,0.039852
-1.635052,3.176447,1.541242,-1.416858,-1.105743,-1.492888,-0.999415,-0.323384,-0.519005,-7.983738,-2.650683,0.875556,0.724648,-0.321405,4.759045,1.155227,0.286305,0.201680,2.477427,1.119985,-0.014073,-0.751323,-1.524061,-0.885627,-0.241366,-0.060078,-0.032339,0.013307,0.021970
-0.271274,2.496140,1.101028,-1.136464,-0.854014,-1.126014,-0.683307,-0.217932,-0.621884,-9.862166,-2.293831,0.714242,1.081176,0.750585,5.683709,0.875936,0.130724,-0.252302,2.322246,1.230843,0.315788,-0.825700,-1.222724,-0.544653,-0.401248,-0.049186,-0.020226,-0.004357,-0.006875
0.611147,2.029670,0.650819,-0.746750,-0.751139,-0.667911,-0.380734,-0.260513,-0.525217,-10.567117,-1.646158,0.546515,1.209916,1.271531,5.374946,0.458665,0.083242,-0.713435,1.960168,1.105441,0.525180,-0.572431,-1.107952,-0.085017,-0.374111,0.032824,-0.033031,0.053927,-0.000776
1.182614,1.696078,-0.088072,-0.477087,-0.541101,-0.219639,-0.195980,-0.149122,-0.374025,-10.061117,-0.327967,0.240865,1.333262,1.315735,4.563160,0.150240,-0.007886,-1.016850,1.577847,0.858436,0.536271,-0.059178,-0.921488,0.328283,-0.164165,0.047047,-0.074656,0.059177,-0.019379
1.341298,1.243810,-0.521540,-0.198435,-0.420837,0.010982,-0.222277,0.047805,-0.263751,-8.673363,1.608872,0.026190,1.358381,1.301387,3.660876,0.101382,-0.118241,-0.957768,1.150908,0.755508,0.347165,0.201675,-0.526175,0.576178,-0.001306,0.013973,-0.033265,-0.029861,-0.060262
1.140271,0.401410,-0.621131,-0.049814,-0.339885,0.129639,-0.225557,0.039589,-0.137663,-5.969149,3.678295,-0.114059,1.119077,1.078228,2.545584,0.132956,-0.076842,-0.517314,0.706854,0.847539,0.420940,-0.102457,-0.183287,0.655827,0.047446,0.005632,0.018996,-0.015620,-0.055369
0.893176,-0.318716,-0.779826,-0.064510,-0.193704,0.262163,-0.230074,0.026656,0.103627,-2.119868,4.998699,-0.364313,1.093517,0.396387,1.251952,0.023088,-0.147452,0.249213,0.209931,0.864559,0.820294,-0.315309,0.442106,0.648815,0.249361,-0.004459,-0.016316,-0.049860,-0.041253
0.699134,-0.901124,-1.235381,-0.188915,-0.129934,0.176551,-0.267925,0.043783,0.506356,1.669496,5.934119,-0.954124,0.990643,-0.520789,-0.049553,-0.059576,-0.144449,1.099016,-0.127535,0.691199,0.916687,-0.247094,1.027417,0.674228,0.349372,0.012919,-0.050557,-0.050690,-0.025736
0.595015,-1.473542,-1.739885,-0.362378,-0.211149,-0.216633,-0.074304,0.018942,0.717781,4.511041,6.522462,-1.516426,0.895090,-1.628862,-1.232147,-0.174393,0.123611,1.683742,-0.457520,0.242933,0.923202,-0.102189,1.487976,0.718175,0.458428,0.004184,0.007377,-0.032454,0.046374
0.685765,-1.995593,-1.920235,-0.532762,-0.446654,-0.788151,0.119900,0.080514,0.840399,5.741070,6.480161,-2.140084,0.996777,-2.436231,-2.211060,-0.317642,0.627423,1.854003,-0.744149,-0.045393,0.734226,0.303423,1.754957,1.094867,0.384387,0.025203,0.027470,-0.015621,0.092755
0.997554,-2.482390,-1.990742,-0.601232,-0.551216,-1.059197,0.296258,0.110359,0.913599,5.846945,6.134692,-2.853845,0.908488,-2.610518,-2.989100,-0.382142,0.886355,1.786736,-0.859603,-0.257421,0.647187,0.714850,1.778945,1.459874,0.362083,0.032056,0.032956,-0.015290,0.078917
1.495080,-3.051009,-2.116559,-0.311565,-0.513133,-0.980190,0.654392,0.077511,0.885650,4.624274,5.421925,-3.093867,1.014924,-2.592805,-3.379010,-0.358719,0.800711,1.337919,-0.937088,-0.328919,0.513300,0.801718,1.709384,1.537119,0.445930,0.013253,0.070114,-0.050150,0.074796
2.101377,-3.683022,-2.383865,0.142443,-0.330351,-0.638170,0.972003,0.198975,0.728793,2.545810,4.610443,-3.103916,1.145613,-2.289242,-3.181094,-0.166931,0.544526,0.499886,-0.959111,-0.107307,0.319290,0.623369,1.362857,1.636232,0.235432,0.033235,0.022609,-0.026107,0.049192
2.837580,-3.946995,-2.535909,0.608690,0.069745,-0.190781,1.112837,0.356099,0.444759,0.321266,3.084505,-2.737208,1.268238,-1.656938,-2.512549,-0.112326,0.081421,-0.153516,-0.812108,-0.043855,0.398213,0.122142,0.937384,1.422448,-0.145552,0.033342,-0.009623,-0.024692,0.021567
3.391295,-3.886494,-2.426651,0.783375,0.456509,0.219367,0.998438,0.435497,0.222895,-1.300412,0.724256,-2.066603,1.313385,-0.980818,-2.046660,-0.246750,-0.192118,-0.598934,-0.580065,-0.011487,0.304716,-0.419575,0.473443,1.092052,-0.642665,0.019583,-0.001782,-0.010057,-0.006974
3.714953,-3.490254,-2.398688,0.862102,0.678406,0.582084,0.809635,0.518882,-0.129873,-2.219826,-1.672846,-1.477154,1.271403,-0.261614,-1.918144,-0.331266,-0.144681,-0.942864,-0.446731,0.034353,0.202359,-0.788572,-0.057822,0.695275,-0.940802,0.001123,-0.056444,-0.023008,-0.016329
3.796090,-3.135494,-2.329951,1.004546,0.721361,0.807308,0.692366,0.387533,-0.393152,-2.824022,-3.689388,-0.863619,1.267523,0.608571,-1.739875,-0.254835,-0.185820,-1.169918,-0.320793,0.041791,-0.069573,-1.176193,-0.379106,0.115495,-1.219753,-0.022973,-0.103821,-0.073216,0.004375
3.760073,-2.745345,-2.124653,1.036447,0.809282,0.826413,0.668914,0.218599,-0.491219,-2.976787,-4.959044,-0.399022,1.327991,1.368999,-1.681772,-0.013960,-0.416374,-1.467677,-0.193573,-0.011664,-0.292365,-1.327249,-0.548127,-0.401070,-1.229287,-0.028947,-0.044072,-0.049185,-0.009924
3.402501,-1.961149,-1.926176,1.046754,0.719923,0.789569,0.713566,0.196387,-0.708821,-2.881655,-6.593052,-0.067429,1.300940,2.389231,-1.322444,0.071204,-0.540762,-1.947261,-0.013126,-0.045907,-0.340782,-1.302642,-0.516862,-0.795111,-1.170462,-0.016221,-0.018634,0.014369,-0.014662
2.635544,-0.922699,-1.530753,0.951859,0.606930,0.737361,0.531152,0.282835,-0.845465,-2.504125,-8.796602,0.332989,1.101327,3.534255,-0.617747,-0.029597,-0.530842,-2.319287,0.229915,-0.250228,-0.358205,-1.226047,-0.529766,-0.923075,-1.124273,-0.040000,-0.002506,0.004492,0.016213
1.776871,0.304602,-0.976111,0.734638,0.550356,0.563466,0.197080,0.380932,-0.835223,-1.701166,-10.057084,0.671034,0.727573,4.230209,0.112199,-0.137458,-0.451691,-2.332413,0.443754,-0.569227,-0.562825,-0.794649,-0.511014,-0.838329,-1.093461,-0.041778,0.024120,-0.001240,0.004761
0.937509,1.087497,-0.446118,0.459755,0.433591,0.334129,0.034941,0.422084,-0.692591,-0.639014,-9.422159,0.687863,0.293687,4.070764,0.611695,-0.089066,-0.309143,-1.964001,0.601001,-0.652854,-0.800043,-0.287935,-0.374666,-0.678005,-0.984235,0.016419,0.007914,0.015322,0.009872
0.687954,1.233889,0.039218,0.161856,0.447503,0.176188,0.023714,0.391775,-0.500846,0.726171,-7.264036,0.805511,0.182515,3.170094,0.547842,-0.049403,-0.115987,-1.285269,0.434265,-0.607054,-0.762509,0.110248,-0.293007,-0.549356,-0.694572,0.026669,0.002691,-0.003102,0.020195
0.590278,1.013213,0.410626,-0.038065,0.223550,0.060172,-0.051655,0.111316,-0.320508,2.119291,-4.481870,0.890130,0.120801,2.059924,0.259104,-0.153457,0.026456,-0.574572,0.011907,-0.543328,-0.640328,0.313494,-0.391248,-0.598005,-0.393674,0.034885,0.026386,-0.005662,-0.006081
0.399558,0.660689,0.509737,-0.099543,-0.026261,-0.090239,-0.136055,-0.164284,-0.053736,2.867074,-1.437055,0.461288,0.137863,0.690549,0.190289,-0.203126,0.210824,-0.070178,-0.335235,-0.564615,-0.512036,0.125045,-0.389192,-0.403610,-0.114402,0.046898,0.020862,-0.012417,-0.033825
0.125867,0.379033,0.342823,0.090754,-0.067572,-0.161128,-0.048596,-0.202620,0.146536,3.304747,1.420741,0.127350,0.038311,-0.259415,0.181649,-0.361449,0.337220,0.073659,-0.743153,-0.577005,-0.353464,-0.058082,-0.231627,0.034323,0.151054,0.019690,0.001027,-0.015086,-0.046891
-0.564277,0.346063,0.624353,0.457815,0.122860,-0.019874,0.146533,0.040749,0.311929,4.383731,3.483957,0.319758,-0.627625,-0.452072,-0.073626,-0.422109,0.292404,0.220487,-1.083593,-0.518823,-0.242501,0.123763,-0.158945,0.264699,0.627464,-0.018273,0.024800,0.023837,0.002921
-1.350338,0.400352,1.187446,0.629292,0.334969,0.341285,0.150609,0.339678,0.482379,5.831636,4.978164,0.747009,-1.364696,-0.585061,-0.650754,-0.374036,0.248617,0.479708,-1.272395,-0.399791,-0.071077,0.741091,0.087839,0.467993,1.063404,-0.034069,0.035233,0.071232,0.023711
-2.011122,0.575182,1.579050,0.438410,0.482042,0.464715,0.035972,0.220197,0.578251,6.852097,5.759222,1.187043,-1.727262,-0.809188,-1.327071,-0.590765,0.329354,0.791791,-1.440544,-0.372627,0.233237,1.398963,0.113434,0.783089,1.328900,-0.026277,0.002696,0.063987,0.002446
-2.582460,0.507934,1.782803,0.104953,0.578851,0.473768,-0.100001,0.059445,0.633961,6.927985,5.564940,1.313207,-1.824722,-1.153929,-2.041835,-0.845877,0.529113,0.987482,-1.358365,-0.339010,0.629735,1.464126,-0.060010,0.872161,1.398698,0.003293,-0.014695,0.029578,-0.023924
-2.789895,0.281438,1.777803,0.063255,0.597781,0.629583,-0.153493,-0.004817,0.662543,5.878249,4.420128,1.270522,-2.206707,-1.651686,-2.262685,-0.636407,0.348469,0.837645,-0.997329,0.245121,0.721886,1.143879,0.044817,0.587094,1.414612,0.048838,-0.024043,0.012885,-0.014540
-2.878750,0.348014,1.858694,0.220140,0.514726,0.705840,-0.289757,-0.144802,0.546015,4.640919,2.253634,1.317070,-2.664051,-1.958259,-1.574129,-0.336500,-0.091995,0.681474,-0.568998,0.440522,0.673158,0.794652,0.145754,-0.165594,1.565516,-0.036977,0.044603,0.002751,-0.036715
-3.306542,1.051273,2.180259,0.170578,0.287782,0.616006,-0.597964,-0.268176,0.423809,2.745312,-0.002736,1.335800,-2.445528,-1.717716,-0.987872,0.359932,-0.214860,0.644900,-0.147983,-0.187036,0.184330,0.763479,-0.398609,-0.405488,1.534103,-0.020235,0.107857,0.013207,-0.018247
-3.670675,1.841312,2.615731,-0.182769,-0.304278,0.158100,-0.782242,-0.294045,0.075330,0.841779,-1.305869,2.031992,-1.747322,-1.683885,-0.687048,0.828050,-0.062195,0.813293,-0.099140,-0.689493,-0.206062,0.489196,-0.987780,-0.279712,1.251543,0.144990,-0.039090,-0.028192,0.061682
-3.604609,1.971285,2.068639,-0.348414,-0.535865,-0.702616,-0.797542,0.055517,-0.182268,-0.465095,-1.576006,2.388029,-0.719240,-1.195918,-0.014861,0.591835,-0.303932,1.173072,-0.125157,-0.332176,-0.975630,-0.177205,-0.787646,-0.729615,0.140283,0.215145,-0.228640,-0.116901,0.497059
-3.421815,2.012536,1.354577,-0.269832,-0.295864,-1.217763,-0.752578,0.346316,-0.084742,-1.235235,-1.490784,2.059442,-0.071234,-0.432360,0.454417,0.572337,-0.642985,1.367578,0.031632,0.190745,-1.952574,-0.387555,-0.488663,-0.973700,-0.811218,0.237442,-0.298888,-0.150163,0.927627
