joint_0,joint_1,joint_2,joint_3,joint_4,joint_5,joint_6,joint_7,joint_8,joint_9,joint_10,joint_11,joint_12,joint_13,joint_14,joint_15,joint_16,joint_17,joint_18,joint_19,joint_20,joint_21,joint_22,joint_23,joint_24,joint_25,joint_26,joint_27,joint_28
-0.498448,-0.416531,-0.022465,-0.240641,-0.154692,-0.139970,-0.008275,-0.002736,0.053232,0.982537,1.708444,0.437929,0.542586,-0.714666,-0.337124,0.470604,-0.443463,0.223732,0.106137,-0.258347,0.303593,-0.489943,-0.438300,0.015399,0.028874,0.014274,-0.005280,-0.025319,0.010600
-0.422206,-0.446650,-0.043316,-0.243601,-0.154286,-0.160271,0.021240,-0.014990,0.058806,0.968056,1.729137,0.414534,0.551686,-0.729324,-0.327086,0.481647,-0.445949,0.226748,0.112539,-0.246322,0.296143,-0.504030,-0.426992,0.041786,0.033407,0.010804,-0.007948,-0.009372,0.008429
-0.357392,-0.494931,-0.063320,-0.226988,-0.154597,-0.174553,0.046377,-0.021123,0.062979,0.952772,1.710737,0.383596,0.551066,-0.716651,-0.337646,0.493893,-0.441690,0.212301,0.114809,-0.237201,0.292454,-0.515795,-0.451448,0.070645,0.020890,0.004210,-0.002798,-0.003714,0.005076
-0.288169,-0.534014,-0.105193,-0.214763,-0.141037,-0.173989,0.067689,-0.019411,0.074344,0.911031,1.655708,0.342496,0.557371,-0.706716,-0.361565,0.503308,-0.447602,0.193279,0.116528,-0.244054,0.288009,-0.546737,-0.470016,0.078692,-0.001422,0.001384,-0.001529,0.000424,0.003477
-0.232464,-0.567311,-0.137550,-0.202097,-0.116907,-0.162721,0.075994,-0.010743,0.084769,0.864084,1.588532,0.311838,0.573772,-0.689748,-0.392509,0.510883,-0.460014,0.168713,0.110705,-0.236161,0.293365,-0.570680,-0.479936,0.077517,-0.016814,0.001692,-0.003201,-0.000045,0.002829
-0.177159,-0.605895,-0.179553,-0.187899,-0.097234,-0.139663,0.085313,-0.003486,0.082997,0.819944,1.500696,0.285091,0.590963,-0.664454,-0.416045,0.519578,-0.477102,0.138861,0.108042,-0.225574,0.291784,-0.598011,-0.484285,0.063533,-0.036875,0.002531,-0.004966,0.002033,0.007556
-0.113388,-0.637169,-0.216604,-0.164094,-0.074943,-0.118632,0.098772,-0.001171,0.066703,0.763239,1.375879,0.277155,0.616798,-0.625217,-0.425471,0.522736,-0.497143,0.106542,0.105985,-0.211794,0.280870,-0.626635,-0.484824,0.058797,-0.046884,-0.000429,-0.004463,0.002596,0.007085
-0.051508,-0.670024,-0.251848,-0.145178,-0.058400,-0.098721,0.107313,0.009852,0.045353,0.710974,1.223169,0.281627,0.648433,-0.543059,-0.423698,0.516857,-0.512386,0.060369,0.107310,-0.205290,0.270740,-0.659030,-0.486206,0.062750,-0.064960,-0.001814,-0.004532,0.002829,0.005312
-0.008565,-0.681062,-0.277868,-0.129081,-0.035309,-0.084714,0.112820,0.023466,0.032718,0.674876,1.039974,0.287904,0.677144,-0.435794,-0.417575,0.510806,-0.520489,0.007940,0.115799,-0.211287,0.267769,-0.679890,-0.482653,0.064760,-0.083829,-0.002336,-0.003065,0.001217,0.004791
0.010247,-0.665747,-0.294255,-0.117622,-0.014336,-0.076996,0.104652,0.031203,0.016764,0.677217,0.858575,0.300621,0.693645,-0.315997,-0.418986,0.505802,-0.529155,-0.041745,0.122421,-0.216111,0.255625,-0.689325,-0.485096,0.053388,-0.109460,-0.002383,-0.000971,0.002422,0.004314
0.005991,-0.642161,-0.292979,-0.118189,-0.003925,-0.076895,0.093483,0.038747,0.005949,0.705478,0.719930,0.311196,0.701777,-0.233570,-0.397781,0.509378,-0.535032,-0.071093,0.132736,-0.226818,0.246471,-0.698409,-0.497167,0.036193,-0.131453,-0.001126,-0.000402,0.003633,0.002770
-0.001109,-0.617867,-0.284774,-0.122192,0.003039,-0.080833,0.080480,0.042580,-0.004143,0.767760,0.640616,0.326959,0.715847,-0.178379,-0.362860,0.511225,-0.535750,-0.087716,0.129927,-0.240525,0.234661,-0.698835,-0.509887,0.026839,-0.148576,0.000335,-0.000877,0.003465,0.001327
-0.015680,-0.606725,-0.271905,-0.128148,0.007284,-0.085251,0.071020,0.045433,-0.007470,0.853912,0.625200,0.335265,0.727258,-0.155075,-0.337963,0.505010,-0.527389,-0.088814,0.119158,-0.254906,0.232958,-0.706481,-0.515387,0.024743,-0.150762,0.003579,-0.000828,0.003676,0.003007
-0.033258,-0.596422,-0.255183,-0.131822,0.007786,-0.090238,0.063555,0.043328,-0.007215,0.974089,0.666748,0.336495,0.724548,-0.158698,-0.334305,0.494496,-0.513254,-0.075895,0.095593,-0.270546,0.235291,-0.708814,-0.508479,0.027654,-0.141717,0.005401,-0.001316,0.002125,0.002038
-0.055585,-0.588853,-0.238164,-0.125346,0.006985,-0.089626,0.063886,0.039274,0.000894,1.097763,0.741806,0.342429,0.709772,-0.180408,-0.364033,0.477723,-0.501977,-0.060095,0.067803,-0.289680,0.242035,-0.709520,-0.497150,0.032782,-0.122375,0.005759,-0.000564,0.001530,0.002483
-0.091713,-0.582274,-0.210089,-0.116345,0.012416,-0.087131,0.069145,0.046446,0.021191,1.249706,0.858557,0.356963,0.683841,-0.206974,-0.403982,0.462248,-0.491027,-0.040130,0.030888,-0.306535,0.252746,-0.697461,-0.489917,0.041021,-0.092876,0.006386,-0.002128,0.001598,0.003172
-0.139483,-0.580124,-0.178283,-0.108159,0.021464,-0.073035,0.080349,0.044516,0.042623,1.402449,0.981169,0.381552,0.650991,-0.240973,-0.472742,0.446935,-0.481406,-0.018520,-0.008590,-0.310104,0.262486,-0.664161,-0.476637,0.052065,-0.060618,0.005870,-0.001267,0.001812,0.002890
-0.205987,-0.562274,-0.132505,-0.092423,0.034628,-0.054819,0.087175,0.034676,0.064773,1.551764,1.082162,0.414455,0.601200,-0.288163,-0.550412,0.434844,-0.469914,0.005166,-0.043879,-0.301424,0.275088,-0.626280,-0.466024,0.064121,-0.033548,0.006124,0.001011,0.001633,0.003139
-0.284356,-0.533405,-0.089080,-0.079183,0.051444,-0.041167,0.083319,0.021296,0.079385,1.664704,1.128509,0.450324,0.556760,-0.337274,-0.612374,0.428997,-0.461686,0.028162,-0.069875,-0.289383,0.284762,-0.587440,-0.457760,0.073886,-0.016101,0.005991,0.000788,0.003061,0.001140
-0.374752,-0.488896,-0.041413,-0.073151,0.059329,-0.037884,0.071445,0.005564,0.089383,1.741453,1.134224,0.496672,0.504396,-0.388072,-0.653462,0.425990,-0.456725,0.047718,-0.084512,-0.289054,0.290683,-0.561005,-0.460840,0.079941,0.002673,0.005972,0.002576,0.002443,0.000057
-0.468701,-0.433441,0.009433,-0.083454,0.053726,-0.038173,0.056088,-0.005058,0.092407,1.770478,1.106591,0.544626,0.454692,-0.431939,-0.668239,0.426941,-0.459694,0.063222,-0.084394,-0.288775,0.278554,-0.543908,-0.475405,0.068355,0.012708,0.008004,0.002652,0.002233,-0.000312
-0.553373,-0.368948,0.063930,-0.102206,0.040512,-0.041631,0.040691,-0.016417,0.091017,1.759218,1.064106,0.592742,0.414215,-0.467738,-0.660510,0.433202,-0.462110,0.077242,-0.069678,-0.285537,0.266306,-0.541611,-0.500869,0.048603,0.014055,0.007341,0.003249,0.003091,-0.000470
-0.624599,-0.298070,0.118640,-0.125005,0.026434,-0.050372,0.020791,-0.023157,0.083231,1.712886,1.007507,0.626773,0.380652,-0.494605,-0.637116,0.442903,-0.462408,0.091330,-0.050445,-0.282214,0.251737,-0.553157,-0.532361,0.018881,0.010808,0.006049,0.003720,0.002911,-0.001227
-0.688176,-0.229352,0.180277,-0.145907,0.003119,-0.064147,-0.000539,-0.030008,0.069481,1.639268,0.944202,0.659336,0.358616,-0.512084,-0.602578,0.460066,-0.462143,0.101559,-0.020116,-0.273933,0.236896,-0.572838,-0.564755,-0.011546,0.004102,0.005157,0.004397,0.002615,-0.000569
-0.737887,-0.162505,0.238341,-0.162710,-0.020153,-0.080589,-0.022344,-0.041536,0.056682,1.538248,0.886828,0.691174,0.339300,-0.526333,-0.560320,0.479754,-0.461337,0.111950,0.017780,-0.255792,0.208321,-0.593861,-0.595948,-0.045736,-0.013172,0.003822,0.004532,0.003550,0.001142
-0.768041,-0.102476,0.284217,-0.181870,-0.044320,-0.098165,-0.040185,-0.047362,0.043178,1.405740,0.833837,0.722001,0.334635,-0.531659,-0.491356,0.496862,-0.461831,0.116395,0.064824,-0.238714,0.180572,-0.610438,-0.630795,-0.082744,-0.036643,0.002674,0.003074,0.005372,0.002566
-0.777562,-0.048976,0.315315,-0.197122,-0.063047,-0.110040,-0.055175,-0.048064,0.032336,1.232133,0.772002,0.743213,0.337499,-0.523114,-0.388421,0.506345,-0.463135,0.113626,0.110255,-0.219455,0.160252,-0.617866,-0.661457,-0.112425,-0.067375,0.002464,0.001656,0.005639,0.003903
-0.770648,-0.001234,0.333278,-0.210488,-0.071647,-0.116531,-0.068789,-0.044776,0.020156,1.031710,0.729381,0.752840,0.343484,-0.510430,-0.280818,0.508536,-0.461954,0.099729,0.155604,-0.197169,0.146436,-0.625134,-0.688434,-0.130486,-0.085683,0.001820,0.000525,0.007171,0.004095
-0.751898,0.035891,0.339519,-0.219517,-0.075376,-0.114240,-0.077833,-0.042937,0.008390,0.844859,0.721529,0.751847,0.350579,-0.480625,-0.176683,0.507773,-0.465747,0.077419,0.188635,-0.174401,0.149199,-0.632572,-0.705228,-0.138195,-0.093611,0.000912,-0.000936,0.005708,0.003038
-0.728619,0.055973,0.340401,-0.225283,-0.084146,-0.110943,-0.088294,-0.039742,-0.001243,0.684246,0.772401,0.754110,0.364510,-0.447893,-0.091018,0.506369,-0.465432,0.058070,0.210733,-0.143224,0.162543,-0.646919,-0.722705,-0.136625,-0.098155,0.000956,-0.001189,0.006696,0.002456
-0.709024,0.054039,0.330989,-0.228257,-0.093167,-0.105262,-0.087896,-0.039593,-0.012506,0.602501,0.873952,0.759887,0.378147,-0.418572,-0.033086,0.505838,-0.462713,0.046329,0.222344,-0.119542,0.189087,-0.669366,-0.736519,-0.135336,-0.096042,0.000498,-0.000833,0.006560,0.002201
-0.695204,0.037921,0.317119,-0.228800,-0.102820,-0.098474,-0.091047,-0.040659,-0.011993,0.587568,0.997580,0.754716,0.387080,-0.407625,-0.006682,0.504480,-0.465121,0.049323,0.223433,-0.095330,0.209710,-0.690110,-0.741372,-0.131681,-0.081473,0.000863,-0.001363,0.003989,0.002110
-0.688266,0.006211,0.283629,-0.240174,-0.108723,-0.097418,-0.091941,-0.046482,0.000606,0.651252,1.139943,0.732561,0.392960,-0.425851,-0.016365,0.508056,-0.467204,0.073452,0.217639,-0.083551,0.222963,-0.705621,-0.733295,-0.118127,-0.059364,0.000308,-0.002316,0.005137,0.002429
-0.675814,-0.031228,0.249970,-0.253284,-0.117125,-0.106016,-0.086842,-0.052640,0.019028,0.762680,1.299796,0.699772,0.401554,-0.482308,-0.046083,0.508144,-0.461342,0.118348,0.206603,-0.071773,0.236285,-0.709414,-0.708878,-0.103564,-0.029409,0.000105,-0.001058,0.003274,0.003160
-0.656359,-0.085071,0.210024,-0.271274,-0.127525,-0.123428,-0.080290,-0.055195,0.041439,0.893620,1.458131,0.650500,0.414739,-0.550729,-0.094924,0.506284,-0.445793,0.166255,0.189230,-0.059737,0.242598,-0.698471,-0.677772,-0.070877,-0.004520,0.000099,-0.000691,0.003936,0.003137
-0.630287,-0.159713,0.168234,-0.280267,-0.142282,-0.140327,-0.064316,-0.054198,0.063162,1.006482,1.611376,0.586369,0.432672,-0.623167,-0.150496,0.504278,-0.427673,0.208910,0.166380,-0.047442,0.253282,-0.686255,-0.639481,-0.040347,0.015597,0.000578,0.000831,0.002045,0.004221
-0.588886,-0.250970,0.112321,-0.286165,-0.150494,-0.157384,-0.043794,-0.050717,0.078370,1.071901,1.733358,0.512469,0.465960,-0.685388,-0.199397,0.498775,-0.415679,0.235335,0.145640,-0.036135,0.264037,-0.675507,-0.598514,-0.004254,0.033496,0.001967,0.000745,0.000726,0.004666
-0.534753,-0.346896,0.049137,-0.283817,-0.148955,-0.166799,-0.021373,-0.040460,0.084203,1.079880,1.831111,0.448615,0.500818,-0.730788,-0.243219,0.491331,-0.411603,0.243813,0.129213,-0.033475,0.271806,-0.665754,-0.569923,0.027444,0.037679,0.001925,0.001618,0.000362,0.005679
-0.463342,-0.440816,-0.010827,-0.275775,-0.138328,-0.169822,0.003884,-0.024161,0.087525,1.053902,1.886704,0.393663,0.535506,-0.757997,-0.277147,0.479102,-0.412045,0.240490,0.117372,-0.039318,0.279733,-0.665404,-0.558012,0.054244,0.034513,0.002559,0.000429,0.000623,0.006458
-0.381001,-0.534876,-0.065581,-0.264584,-0.120101,-0.166418,0.032456,-0.013691,0.087981,1.005886,1.898049,0.358414,0.562752,-0.765803,-0.312687,0.472230,-0.420375,0.230678,0.112126,-0.042432,0.291693,-0.667972,-0.555442,0.076496,0.016608,0.000844,-0.000225,-0.000391,0.005214
-0.286610,-0.617461,-0.115743,-0.244004,-0.098150,-0.156192,0.057808,-0.001940,0.086086,0.936015,1.855242,0.336702,0.586597,-0.738421,-0.349584,0.470292,-0.430823,0.208343,0.103971,-0.047424,0.297097,-0.681763,-0.555853,0.083521,-0.007392,0.000156,-0.000584,-0.001656,0.005360
-0.192434,-0.694404,-0.167665,-0.221187,-0.074612,-0.141992,0.076816,0.012353,0.078832,0.860488,1.763135,0.326185,0.606291,-0.681469,-0.376860,0.475400,-0.451521,0.177848,0.098566,-0.061723,0.295406,-0.701987,-0.563836,0.080836,-0.037189,0.001378,-0.003288,-0.002255,0.005214
-0.111902,-0.746239,-0.214880,-0.195904,-0.046043,-0.122076,0.088357,0.025941,0.070422,0.789080,1.637699,0.318238,0.621960,-0.594170,-0.398505,0.481448,-0.472248,0.130951,0.093442,-0.085130,0.292766,-0.723937,-0.573146,0.063528,-0.060939,0.000438,-0.003371,-0.002016,0.006160
-0.038258,-0.784219,-0.261712,-0.177351,-0.023761,-0.097838,0.094617,0.041895,0.052784,0.723877,1.462209,0.319917,0.638362,-0.484647,-0.402252,0.479242,-0.493462,0.073410,0.091962,-0.101570,0.285954,-0.746705,-0.582092,0.039628,-0.087474,-0.000682,-0.003466,-0.000707,0.005211
0.015912,-0.786115,-0.297402,-0.160820,-0.003796,-0.073715,0.093584,0.056261,0.033503,0.678743,1.246829,0.322678,0.643262,-0.367980,-0.383014,0.473601,-0.508941,0.010700,0.098643,-0.119612,0.282296,-0.768003,-0.592396,0.012036,-0.115966,-0.001780,-0.003798,-0.000841,0.004082
0.050589,-0.764232,-0.318302,-0.146681,0.008921,-0.055751,0.088179,0.066518,0.015577,0.661305,1.025241,0.334550,0.645141,-0.252911,-0.353731,0.467945,-0.520405,-0.046468,0.111693,-0.151987,0.269080,-0.778403,-0.596470,-0.016824,-0.142625,-0.002029,-0.004610,-0.000470,0.003827
0.063863,-0.736634,-0.326502,-0.134886,0.020913,-0.052720,0.083505,0.074054,-0.000431,0.687033,0.844449,0.346022,0.647893,-0.170403,-0.316061,0.468606,-0.526042,-0.086715,0.128788,-0.193926,0.256300,-0.784466,-0.600466,-0.046177,-0.162070,-0.000907,-0.003189,-0.000293,0.002579
0.068835,-0.713090,-0.322031,-0.124023,0.028435,-0.052739,0.083697,0.069277,-0.012985,0.750393,0.713756,0.367439,0.658453,-0.123427,-0.287600,0.468376,-0.522248,-0.103003,0.138513,-0.228353,0.232989,-0.787722,-0.600787,-0.067873,-0.176097,-0.000145,-0.002822,-0.000316,0.002212
0.065452,-0.695648,-0.312070,-0.123331,0.031461,-0.052207,0.083804,0.061255,-0.018184,0.844305,0.652467,0.388178,0.665323,-0.116558,-0.279926,0.462317,-0.517856,-0.101102,0.132545,-0.260419,0.216837,-0.790337,-0.608039,-0.079508,-0.176249,0.001867,-0.001825,0.000707,0.004501
0.053974,-0.678545,-0.291808,-0.123384,0.034105,-0.057914,0.080560,0.054639,-0.019518,0.963053,0.658374,0.407424,0.671321,-0.137757,-0.289565,0.455202,-0.509838,-0.086495,0.111471,-0.288254,0.203614,-0.785379,-0.617297,-0.074417,-0.162096,0.002326,-0.001347,0.002207,0.006007
0.032662,-0.669516,-0.269533,-0.116557,0.036392,-0.059046,0.082254,0.051916,-0.013672,1.096818,0.740984,0.426219,0.665553,-0.159842,-0.325486,0.445742,-0.504325,-0.072004,0.078282,-0.302562,0.198079,-0.770425,-0.617218,-0.063085,-0.132495,0.002119,-0.000984,0.001707,0.005574
-0.001824,-0.658209,-0.230905,-0.107218,0.040226,-0.055865,0.090969,0.054113,0.003018,1.242095,0.867960,0.451585,0.644253,-0.196933,-0.386782,0.433699,-0.497311,-0.047076,0.034739,-0.319518,0.192088,-0.747523,-0.607408,-0.047569,-0.097662,0.001304,-0.001541,0.002499,0.006233
-0.042871,-0.650461,-0.191897,-0.093401,0.047841,-0.038180,0.103972,0.056108,0.024008,1.411010,1.015109,0.472609,0.609300,-0.236479,-0.463567,0.419912,-0.492578,-0.022315,-0.011267,-0.320646,0.185897,-0.712261,-0.588614,-0.028324,-0.065008,0.002508,-0.001586,0.003526,0.005811
-0.094788,-0.628942,-0.137239,-0.080124,0.060527,-0.015342,0.112539,0.050443,0.048651,1.561855,1.134941,0.502861,0.557472,-0.295587,-0.550451,0.410248,-0.489171,0.008790,-0.045839,-0.313156,0.182432,-0.671695,-0.569623,-0.013985,-0.026833,0.002321,-0.000764,0.002921,0.005485
-0.174924,-0.600543,-0.086817,-0.067768,0.077615,0.005945,0.108478,0.039421,0.064610,1.699186,1.195031,0.542393,0.503942,-0.346317,-0.612261,0.401517,-0.491993,0.036071,-0.067154,-0.302342,0.178787,-0.635451,-0.553980,-0.010805,0.001406,0.002608,-0.000390,0.004461,0.005176
-0.280696,-0.556331,-0.030344,-0.060644,0.090775,0.018742,0.097988,0.021697,0.072934,1.789900,1.211883,0.581674,0.448100,-0.405843,-0.655258,0.399607,-0.497884,0.063089,-0.081904,-0.295805,0.172470,-0.610370,-0.548848,-0.005576,0.033654,0.002211,0.002991,0.003097,0.003640
-0.395593,-0.492952,0.028495,-0.063746,0.093851,0.021429,0.081869,0.005874,0.074713,1.836508,1.187200,0.617382,0.400913,-0.460096,-0.668802,0.400509,-0.503464,0.086127,-0.083855,-0.291270,0.160555,-0.605919,-0.558841,-0.012276,0.055755,0.002435,0.003407,0.003802,0.002968
-0.507107,-0.414783,0.090503,-0.081173,0.078283,0.016118,0.061712,-0.010042,0.068896,1.844147,1.136496,0.658769,0.364208,-0.505555,-0.662750,0.408528,-0.499403,0.108059,-0.067750,-0.289959,0.149234,-0.614737,-0.583987,-0.029115,0.074920,0.002355,0.004118,0.003778,0.003459
-0.609488,-0.327463,0.153419,-0.105614,0.050510,-0.001761,0.036303,-0.026602,0.060019,1.801422,1.062806,0.691615,0.335568,-0.543121,-0.633192,0.418093,-0.494410,0.124717,-0.041270,-0.287748,0.134415,-0.631804,-0.614685,-0.051635,0.082679,0.001724,0.004219,0.004402,0.004703
-0.687766,-0.242881,0.206712,-0.134908,0.017392,-0.028745,0.009873,-0.042068,0.050099,1.712772,0.987776,0.718205,0.324430,-0.575422,-0.579392,0.440035,-0.488326,0.136310,0.000495,-0.276294,0.122009,-0.651370,-0.654662,-0.075475,0.086251,0.000502,0.003363,0.004802,0.005478
-0.738082,-0.170508,0.244209,-0.164751,-0.008436,-0.060694,-0.013206,-0.051061,0.041116,1.579465,0.929201,0.739572,0.333145,-0.593536,-0.500544,0.464320,-0.481988,0.144791,0.048257,-0.256896,0.118158,-0.664170,-0.686617,-0.096115,0.083453,-0.000467,0.002710,0.004794,0.006298
-0.753168,-0.115823,0.268362,-0.191582,-0.026838,-0.088460,-0.030103,-0.055004,0.029339,1.393422,0.881749,0.753227,0.353416,-0.588279,-0.389030,0.486244,-0.476874,0.144377,0.099592,-0.231494,0.121446,-0.681423,-0.715625,-0.110900,0.076596,-0.001901,0.002069,0.005334,0.006357
-0.748933,-0.070663,0.288250,-0.210210,-0.042597,-0.105735,-0.040539,-0.059779,0.016240,1.184978,0.837448,0.768142,0.376392,-0.563513,-0.273195,0.499357,-0.476759,0.134699,0.141147,-0.207663,0.130789,-0.697198,-0.735525,-0.117901,0.067403,-0.002434,0.001901,0.004620,0.006023
-0.728722,-0.034636,0.294394,-0.221452,-0.056884,-0.115177,-0.045333,-0.065424,0.008330,0.970737,0.815902,0.775088,0.401812,-0.537417,-0.174032,0.504590,-0.473544,0.115840,0.177999,-0.187277,0.142454,-0.704320,-0.759943,-0.114300,0.061632,-0.000588,0.000748,0.007492,0.006326
-0.701629,-0.002820,0.284727,-0.229293,-0.064241,-0.114520,-0.048378,-0.065744,0.001279,0.782534,0.824329,0.777776,0.429722,-0.510884,-0.090669,0.505367,-0.477075,0.094025,0.204261,-0.173325,0.152240,-0.699565,-0.772385,-0.104770,0.060837,-0.000552,-0.001086,0.006987,0.005247
-0.675070,0.015117,0.273533,-0.229390,-0.073717,-0.114737,-0.054224,-0.063512,-0.002220,0.623803,0.880257,0.776136,0.456148,-0.485362,-0.027597,0.508646,-0.478274,0.077529,0.224035,-0.157056,0.156340,-0.696253,-0.780990,-0.091253,0.061579,-0.000029,-0.000582,0.006297,0.003916
-0.656018,0.013237,0.259882,-0.231286,-0.077836,-0.109335,-0.057400,-0.064160,-0.004227,0.543768,0.971461,0.773214,0.474486,-0.467755,0.011155,0.510685,-0.480148,0.073332,0.232535,-0.139424,0.169078,-0.703663,-0.779716,-0.078537,0.062734,-0.000327,-0.000326,0.006362,0.003033
-0.639343,0.002368,0.242340,-0.231970,-0.081465,-0.104251,-0.063427,-0.062446,0.001925,0.539008,1.080205,0.761563,0.499888,-0.469506,0.022481,0.509569,-0.484172,0.087498,0.232432,-0.122474,0.189152,-0.708865,-0.763306,-0.065301,0.071554,-0.000207,-0.001235,0.004303,0.002265
-0.628053,-0.022808,0.210467,-0.238842,-0.083033,-0.102273,-0.068117,-0.062409,0.016027,0.610547,1.208826,0.735049,0.514111,-0.488586,0.009172,0.508302,-0.485926,0.117293,0.227433,-0.111776,0.205745,-0.713547,-0.738620,-0.051568,0.076709,0.000190,-0.002348,0.004335,0.002003
-0.615542,-0.056574,0.172744,-0.246465,-0.089911,-0.112916,-0.066399,-0.061688,0.030636,0.719450,1.341104,0.700906,0.535692,-0.534661,-0.026805,0.502593,-0.479227,0.154847,0.214132,-0.112757,0.226080,-0.712953,-0.703787,-0.036574,0.089891,-0.000040,-0.000940,0.003004,0.004120
-0.600622,-0.102632,0.133657,-0.260153,-0.100900,-0.133799,-0.063321,-0.059188,0.049643,0.840190,1.468032,0.649446,0.553982,-0.586035,-0.079270,0.495597,-0.460829,0.191453,0.197667,-0.113591,0.235114,-0.701410,-0.668422,-0.007773,0.092085,0.001198,-0.001249,0.003710,0.005713
-0.575640,-0.155869,0.093115,-0.270514,-0.111960,-0.155284,-0.054548,-0.057274,0.067180,0.953328,1.586491,0.586752,0.572031,-0.639082,-0.146369,0.487308,-0.443773,0.226317,0.179748,-0.123054,0.251967,-0.684359,-0.632629,0.021821,0.104374,0.001242,0.000378,0.002393,0.007277
-0.540819,-0.224672,0.048995,-0.272615,-0.121425,-0.173006,-0.037146,-0.056088,0.085069,1.025161,1.684909,0.525691,0.594579,-0.689748,-0.214430,0.481248,-0.428801,0.244970,0.160184,-0.126748,0.255646,-0.669341,-0.600046,0.053712,0.109922,0.001728,0.001555,0.001704,0.008705
-0.491585,-0.303190,-0.002240,-0.264817,-0.125174,-0.180811,-0.015668,-0.049315,0.096332,1.055160,1.770909,0.462596,0.617856,-0.730651,-0.273613,0.480630,-0.421992,0.246312,0.141383,-0.127346,0.264739,-0.659424,-0.578115,0.087271,0.113792,0.002572,0.001283,0.001349,0.009245
-0.427316,-0.382552,-0.052441,-0.248268,-0.118635,-0.180638,0.007368,-0.041844,0.102860,1.038012,1.808290,0.416203,0.645309,-0.756025,-0.314932,0.476755,-0.425544,0.238829,0.127700,-0.128502,0.271575,-0.664455,-0.562551,0.110610,0.104100,0.003062,0.001170,0.000716,0.009568
-0.355933,-0.458650,-0.099306,-0.233482,-0.106914,-0.172036,0.024269,-0.031895,0.105248,1.003144,1.799879,0.379931,0.670391,-0.769884,-0.355479,0.470760,-0.429677,0.222355,0.118181,-0.127805,0.276928,-0.676207,-0.559177,0.130953,0.088085,0.003355,0.001211,0.000946,0.008966
-0.278718,-0.522162,-0.148389,-0.213784,-0.091499,-0.157354,0.039753,-0.021088,0.097665,0.949219,1.741376,0.357116,0.696165,-0.766490,-0.391658,0.463504,-0.431331,0.201114,0.109830,-0.127128,0.279669,-0.695998,-0.564864,0.138421,0.066468,0.003107,-0.001087,-0.000204,0.008915
-0.204090,-0.584070,-0.192504,-0.193300,-0.078059,-0.139744,0.051964,-0.016394,0.089522,0.890183,1.652304,0.345387,0.721092,-0.745541,-0.425074,0.460567,-0.437110,0.175558,0.105349,-0.126134,0.274145,-0.723255,-0.574341,0.135572,0.039295,0.002436,-0.002942,-0.001982,0.009141
-0.128315,-0.631976,-0.233375,-0.172326,-0.059128,-0.124298,0.066510,-0.012345,0.078016,0.830147,1.543014,0.341156,0.749285,-0.711730,-0.458929,0.462946,-0.447986,0.142407,0.102087,-0.127595,0.267974,-0.749088,-0.586789,0.122378,0.017296,0.001949,-0.002850,-0.002172,0.008518
-0.067989,-0.662516,-0.269551,-0.151430,-0.049262,-0.108161,0.080507,-0.008538,0.061169,0.774916,1.388582,0.342689,0.773130,-0.649972,-0.477972,0.463415,-0.458740,0.097668,0.104824,-0.127970,0.260513,-0.775360,-0.595016,0.103768,-0.007524,0.001787,-0.003687,-0.001408,0.008554
-0.022893,-0.668884,-0.294605,-0.134252,-0.034850,-0.094803,0.087756,-0.001031,0.044197,0.729982,1.191150,0.354475,0.793338,-0.570359,-0.483639,0.461762,-0.469220,0.049636,0.111284,-0.137604,0.253646,-0.798130,-0.607979,0.085455,-0.027674,0.000349,-0.002951,-0.001992,0.009166
0.003085,-0.650332,-0.308596,-0.122044,-0.027248,-0.085622,0.088390,0.006699,0.027760,0.706870,0.986298,0.369531,0.802233,-0.480764,-0.473484,0.457917,-0.476808,0.004371,0.122574,-0.150739,0.238000,-0.807146,-0.615456,0.070235,-0.051262,0.000116,-0.002722,-0.001457,0.008745
0.014607,-0.625384,-0.312450,-0.115861,-0.017507,-0.081438,0.089154,0.015852,0.016494,0.704422,0.814263,0.381990,0.805085,-0.407529,-0.459171,0.458199,-0.481586,-0.028924,0.135324,-0.163718,0.221645,-0.809648,-0.622966,0.058335,-0.067044,0.001006,-0.002634,-0.001379,0.009561
0.030604,-0.600976,-0.307027,-0.115570,-0.009348,-0.078575,0.089338,0.022370,0.007726,0.735917,0.695737,0.401751,0.809533,-0.353960,-0.451570,0.455941,-0.481447,-0.047039,0.139945,-0.175021,0.207500,-0.802737,-0.627177,0.048261,-0.079045,0.001183,-0.002614,-0.001581,0.009552
0.038219,-0.584855,-0.296025,-0.117384,-0.008565,-0.079031,0.087087,0.020305,0.003673,0.789193,0.634989,0.417595,0.809917,-0.325132,-0.448807,0.452061,-0.480528,-0.051907,0.135800,-0.185451,0.196031,-0.797108,-0.638616,0.034415,-0.082791,0.002401,-0.001579,-0.001605,0.009318
0.046586,-0.574549,-0.286637,-0.119552,-0.010398,-0.082184,0.083896,0.015799,0.005577,0.850600,0.638255,0.420203,0.815048,-0.326338,-0.443959,0.447816,-0.473014,-0.049847,0.126535,-0.197606,0.187019,-0.797735,-0.642744,0.032116,-0.083621,0.003059,-0.001780,-0.002078,0.008199
0.043253,-0.569694,-0.282312,-0.113754,-0.011268,-0.085476,0.085144,0.012200,0.009535,0.921383,0.691818,0.422689,0.811450,-0.335509,-0.441541,0.437603,-0.467039,-0.048961,0.106074,-0.208531,0.181893,-0.799431,-0.647881,0.035787,-0.076749,0.003189,-0.001538,-0.002209,0.007442
0.024015,-0.560706,-0.261663,-0.101239,-0.005484,-0.082979,0.089757,0.017429,0.018054,1.025949,0.777613,0.432993,0.789943,-0.344421,-0.446904,0.430931,-0.461318,-0.041027,0.083191,-0.218359,0.177319,-0.792784,-0.649102,0.042704,-0.058522,0.002328,-0.000788,-0.001124,0.008316
-0.010760,-0.553680,-0.234814,-0.088582,0.002131,-0.071825,0.091168,0.025787,0.028830,1.154649,0.890945,0.452569,0.756862,-0.358911,-0.467571,0.422642,-0.457094,-0.029772,0.055178,-0.224523,0.179050,-0.769787,-0.644367,0.054507,-0.034212,0.001826,-0.000128,0.000640,0.008391
-0.056430,-0.537699,-0.198501,-0.083703,0.013798,-0.064391,0.091196,0.026236,0.041184,1.300033,1.007982,0.480475,0.720852,-0.376788,-0.499986,0.407301,-0.448144,-0.009355,0.025570,-0.233264,0.186648,-0.736826,-0.644565,0.074028,-0.005367,0.001277,-0.000680,0.001435,0.008414
-0.114059,-0.533363,-0.163502,-0.084384,0.025285,-0.052874,0.087168,0.028165,0.054188,1.431768,1.113542,0.505097,0.683873,-0.405068,-0.549244,0.388806,-0.435930,0.009727,0.000844,-0.238083,0.204239,-0.711222,-0.646768,0.089394,0.021735,0.001958,-0.000716,0.001824,0.007434
-0.168026,-0.526441,-0.127389,-0.081172,0.037709,-0.039207,0.085057,0.026044,0.067686,1.535163,1.184787,0.531296,0.632584,-0.442856,-0.590494,0.381845,-0.434205,0.024150,-0.014324,-0.223459,0.215524,-0.691071,-0.642772,0.097511,0.051218,0.003230,-0.001642,0.001950,0.007833
-0.229209,-0.519442,-0.089154,-0.075578,0.045874,-0.024641,0.075578,0.022373,0.076029,1.617405,1.203688,0.557780,0.577311,-0.483398,-0.612210,0.375346,-0.439609,0.036986,-0.021916,-0.220463,0.231166,-0.679436,-0.640938,0.082770,0.084356,0.000478,0.001068,0.001934,0.005965
-0.300288,-0.484390,-0.040179,-0.074349,0.049220,-0.014567,0.061138,0.015317,0.084638,1.644975,1.184678,0.584728,0.534763,-0.511564,-0.630009,0.396242,-0.442800,0.049946,-0.020243,-0.230940,0.222897,-0.660531,-0.658716,0.081292,0.112582,0.002421,0.002672,0.002479,0.007103
-0.376036,-0.445790,0.015475,-0.082889,0.033703,-0.018316,0.044288,0.010611,0.079042,1.651076,1.151453,0.639060,0.507418,-0.550754,-0.639691,0.408468,-0.442097,0.069518,-0.025882,-0.248042,0.222923,-0.659868,-0.680449,0.071581,0.134418,0.006278,-0.000495,0.000806,0.008432
-0.444472,-0.405539,0.042567,-0.088286,0.027786,-0.042672,0.029236,0.017537,0.077347,1.626371,1.121637,0.680249,0.505993,-0.559401,-0.630603,0.419915,-0.454957,0.096869,-0.025249,-0.244227,0.183872,-0.667620,-0.690222,0.052107,0.118193,0.011027,-0.006473,-0.002197,0.026985
